Number,rating,title,Model
0,5.0 out of 5 stars,"5.0 out of 5 stars
The best iPhone - perfect combination of features!
",Apple iPhone 11
1,5.0 out of 5 stars,"5.0 out of 5 stars
Coming from Androids planning to stay.
",Apple iPhone 11
2,4.0 out of 5 stars,"4.0 out of 5 stars
iPhone 11 review
",Apple iPhone 11
3,5.0 out of 5 stars,"5.0 out of 5 stars
NICE PRODUCT
",Apple iPhone 11
4,5.0 out of 5 stars,"5.0 out of 5 stars
Perfect switch from OnePlus || Original Phone
",Apple iPhone 11
5,5.0 out of 5 stars,"5.0 out of 5 stars
Perfect phone
",Apple iPhone 11
6,5.0 out of 5 stars,"5.0 out of 5 stars
A detailed review
",Apple iPhone 11
7,5.0 out of 5 stars,"5.0 out of 5 stars
Awesome
",Apple iPhone 11
8,5.0 out of 5 stars,"5.0 out of 5 stars
Classic
",Apple iPhone 11
9,4.0 out of 5 stars,"4.0 out of 5 stars
Beast with a limp
",Apple iPhone 11
10,4.0 out of 5 stars,"4.0 out of 5 stars
So far so good...(1 week user)
",Apple iPhone 11
11,4.0 out of 5 stars,"4.0 out of 5 stars
Detailed Review// Unexpected �
",Apple iPhone 11
12,4.0 out of 5 stars,"4.0 out of 5 stars
Good product
",Apple iPhone 11
13,5.0 out of 5 stars,"5.0 out of 5 stars
iPhone XR with better Camera and Internals
",Apple iPhone 11
14,4.0 out of 5 stars,"4.0 out of 5 stars
Best but Amazon ruined it ;(
",Apple iPhone 11
15,4.0 out of 5 stars,"4.0 out of 5 stars
First time apple user & as secondary phone to one and only Nokia - Read full review
",Apple iPhone 11
16,3.0 out of 5 stars,"3.0 out of 5 stars
Bulky
",Apple iPhone 11
17,5.0 out of 5 stars,"5.0 out of 5 stars
Love my iPhone ❤️
",Apple iPhone 11
18,4.0 out of 5 stars,"4.0 out of 5 stars
Engineered to perfection.
",Apple iPhone 11
19,5.0 out of 5 stars,"5.0 out of 5 stars
Nice
",Apple iPhone 11
20,4.0 out of 5 stars,"4.0 out of 5 stars
Honest review. Must read. Timely updates
",Apple iPhone 11
21,4.0 out of 5 stars,"4.0 out of 5 stars
I have required bill of same
",Apple iPhone 11
22,4.0 out of 5 stars,"4.0 out of 5 stars
Overall a great phone just not a perfect one.
",Apple iPhone 11
23,2.0 out of 5 stars,"2.0 out of 5 stars
Really disappointed by the Amazon team as well as the distributor.
",Apple iPhone 11
24,5.0 out of 5 stars,"5.0 out of 5 stars
Good
",Apple iPhone 11
25,4.0 out of 5 stars,"4.0 out of 5 stars
""Made in India"" Apple  #iPhone11
",Apple iPhone 11
26,5.0 out of 5 stars,"5.0 out of 5 stars
Prestigious and worthy which I needed.
",Apple iPhone 11
27,5.0 out of 5 stars,"5.0 out of 5 stars
Good
",Apple iPhone 11
28,3.0 out of 5 stars,"3.0 out of 5 stars
Great phone , Very tough exchange process
",Apple iPhone 11
29,5.0 out of 5 stars,"5.0 out of 5 stars
A premium device for a moderate user.
",Apple iPhone 11
30,5.0 out of 5 stars,"5.0 out of 5 stars
Switching from Android to iOS ( And it’s actually Good )
",Apple iPhone 11
31,5.0 out of 5 stars,"5.0 out of 5 stars
Honest review after using for 1 month
",Apple iPhone 11
32,4.0 out of 5 stars,"4.0 out of 5 stars
For android users... don’t switch.. for iPhone users it’s an upgrade
",Apple iPhone 11
33,4.0 out of 5 stars,"4.0 out of 5 stars
Overall good but overpriced.
",Apple iPhone 11
34,5.0 out of 5 stars,"5.0 out of 5 stars
GREAT PHONE GREAT PRICE
",Apple iPhone 11
35,4.0 out of 5 stars,"4.0 out of 5 stars
An apple for everyone. �
",Apple iPhone 11
36,4.0 out of 5 stars,"4.0 out of 5 stars
Most Value for money Iphone right now !
",Apple iPhone 11
37,5.0 out of 5 stars,"5.0 out of 5 stars
Why I chose IPhone 11 over other cheap / good android phone?
",Apple iPhone 11
38,5.0 out of 5 stars,"5.0 out of 5 stars
Android user for 9 years switched to iPhone
",Apple iPhone 11
39,5.0 out of 5 stars,"5.0 out of 5 stars
Orginal product with no damage
",Apple iPhone 11
40,5.0 out of 5 stars,"5.0 out of 5 stars
After 1 year usage.��
",Apple iPhone 11
41,4.0 out of 5 stars,"4.0 out of 5 stars
DON'T BUY IPHONE 11 BEFORE READING MY REVIEW
",Apple iPhone 11
42,5.0 out of 5 stars,"5.0 out of 5 stars
The best decision of my life
",Apple iPhone 11
43,5.0 out of 5 stars,"5.0 out of 5 stars
Still worth smartphone
",Apple iPhone 11
44,5.0 out of 5 stars,"5.0 out of 5 stars
Brutally honest review: Switched from ios to android and now to ios
",Apple iPhone 11
45,5.0 out of 5 stars,"5.0 out of 5 stars
Good phone but think carefully before buying
",Apple iPhone 11
46,5.0 out of 5 stars,"5.0 out of 5 stars
Amazing performer | Great photos | Good battery | Above Average Screen
",Apple iPhone 11
47,5.0 out of 5 stars,"5.0 out of 5 stars
Nice product
",Apple iPhone 11
48,5.0 out of 5 stars,"5.0 out of 5 stars
Best in class.
",Apple iPhone 11
49,4.0 out of 5 stars,"4.0 out of 5 stars
Next to perfect for a smartphone
",Apple iPhone 11
50,5.0 out of 5 stars,"5.0 out of 5 stars
Awesome iPhone!!!!!!! Ever!!!
",Apple iPhone 11
51,5.0 out of 5 stars,"5.0 out of 5 stars
Worst experience with iphone and customer support and costumer care and even though with amazon
",Apple iPhone 11
52,5.0 out of 5 stars,"5.0 out of 5 stars
Satisfied with Purchase
",Apple iPhone 11
53,5.0 out of 5 stars,"5.0 out of 5 stars
Best smartphone I have ever used…
",Apple iPhone 11
54,4.0 out of 5 stars,"4.0 out of 5 stars
Worth it !!
",Apple iPhone 11
55,5.0 out of 5 stars,"5.0 out of 5 stars
Just awsome.no word to write and say.apple is apple.best at this price
",Apple iPhone 11
56,5.0 out of 5 stars,"5.0 out of 5 stars
Switched From Samsung Note 9 ( Adequately Satisfied )
",Apple iPhone 11
57,4.0 out of 5 stars,"4.0 out of 5 stars
Best budget iPhone on the market
",Apple iPhone 11
58,4.0 out of 5 stars,"4.0 out of 5 stars
Good one but lacks the sharpness in photos
",Apple iPhone 11
59,4.0 out of 5 stars,"4.0 out of 5 stars
All that you need
",Apple iPhone 11
60,5.0 out of 5 stars,"5.0 out of 5 stars
Easiest Phone to Review. Read further to get the gist
",Apple iPhone 11
61,4.0 out of 5 stars,"4.0 out of 5 stars
Was on the verge of nervous breakdown before opening the package
",Apple iPhone 11
62,5.0 out of 5 stars,"5.0 out of 5 stars
Awesome Phone
",Apple iPhone 11
63,5.0 out of 5 stars,"5.0 out of 5 stars
All rounder
",Apple iPhone 11
64,4.0 out of 5 stars,"4.0 out of 5 stars
I phones are best but when you purchase the latest models
",Apple iPhone 11
65,5.0 out of 5 stars,"5.0 out of 5 stars
Nice phone
",Apple iPhone 11
66,5.0 out of 5 stars,"5.0 out of 5 stars
Wonderful phone at given price
",Apple iPhone 11
67,4.0 out of 5 stars,"4.0 out of 5 stars
Worth the money. A Lag free experience!
",Apple iPhone 11
68,5.0 out of 5 stars,"5.0 out of 5 stars
iPhone 11 best iPhone deal
",Apple iPhone 11
69,4.0 out of 5 stars,"4.0 out of 5 stars
Excellent
",Apple iPhone 11
70,5.0 out of 5 stars,"5.0 out of 5 stars
Great iPhone
",Apple iPhone 11
71,5.0 out of 5 stars,"5.0 out of 5 stars
Thanks Amazon
",Apple iPhone 11
72,5.0 out of 5 stars,"5.0 out of 5 stars
Excellent phone
",Apple iPhone 11
73,2.0 out of 5 stars,"2.0 out of 5 stars
Not worth for money, with in 2 years it starts charging problem, speaker & Mike issues
",Apple iPhone 11
74,4.0 out of 5 stars,"4.0 out of 5 stars
Very Smooth device..
",Apple iPhone 11
75,5.0 out of 5 stars,"5.0 out of 5 stars
Terrific purchase: iPhone 11 White 128GB
",Apple iPhone 11
76,5.0 out of 5 stars,"5.0 out of 5 stars
Review after 1 week of use
",Apple iPhone 11
77,5.0 out of 5 stars,"5.0 out of 5 stars
Best ever
",Apple iPhone 11
78,4.0 out of 5 stars,"4.0 out of 5 stars
After one year the speaker is not working , , always carrying head phone
",Apple iPhone 11
79,5.0 out of 5 stars,"5.0 out of 5 stars
The most perfect Apple iPhone today. No doubt.
",Apple iPhone 11
80,5.0 out of 5 stars,"5.0 out of 5 stars
Love iPhone
",Apple iPhone 11
81,5.0 out of 5 stars,"5.0 out of 5 stars
Honest review why should you buy this.�
",Apple iPhone 11
82,5.0 out of 5 stars,"5.0 out of 5 stars
Worth buying since it's an Apple product
",Apple iPhone 11
83,4.0 out of 5 stars,"4.0 out of 5 stars
Iphone vs One plus
",Apple iPhone 11
84,5.0 out of 5 stars,"5.0 out of 5 stars
Battery Usage | Health
",Apple iPhone 11
85,5.0 out of 5 stars,"5.0 out of 5 stars
Awesome phone
",Apple iPhone 11
86,1.0 out of 5 stars,"1.0 out of 5 stars
Read this before switching from Android
",Apple iPhone 11
87,5.0 out of 5 stars,"5.0 out of 5 stars
Now user feels part of its peer
",Apple iPhone 11
88,5.0 out of 5 stars,"5.0 out of 5 stars
One of the best SmartPhone buy in 2020
",Apple iPhone 11
89,5.0 out of 5 stars,"5.0 out of 5 stars
Good phone regular usage
",Apple iPhone 11
90,4.0 out of 5 stars,"4.0 out of 5 stars
Still a great buy even after 2 years
",Apple iPhone 11
91,5.0 out of 5 stars,"5.0 out of 5 stars
Left OnePlus for the first time
",Apple iPhone 11
92,5.0 out of 5 stars,"5.0 out of 5 stars
GO FOR IT NEVER TRUST -ve Review
",Apple iPhone 11
93,5.0 out of 5 stars,"5.0 out of 5 stars
Just Fabulous... iPhone 11. Go for it without a second thought.
",Apple iPhone 11
94,5.0 out of 5 stars,"5.0 out of 5 stars
Great Purchase
",Apple iPhone 11
95,4.0 out of 5 stars,"4.0 out of 5 stars
Nice quality
",Apple iPhone 11
96,5.0 out of 5 stars,"5.0 out of 5 stars
The most eye-catching
",Apple iPhone 11
97,5.0 out of 5 stars,"5.0 out of 5 stars
Amazon + Apple = Trust + Quality
",Apple iPhone 11
98,5.0 out of 5 stars,"5.0 out of 5 stars
Good
",Apple iPhone 11
99,5.0 out of 5 stars,"5.0 out of 5 stars
Order It & Experience : Anything below 3 stars is fake/biased/dubious/hypothesis
",Apple iPhone 11
100,5.0 out of 5 stars,"5.0 out of 5 stars
Using after 3 months honest review
",Apple iPhone 13
101,5.0 out of 5 stars,"5.0 out of 5 stars
Redefining Excellence: A Review of the iPhone 13 128GB
",Apple iPhone 13
102,4.0 out of 5 stars,"4.0 out of 5 stars
Iphone 13
",Apple iPhone 13
103,5.0 out of 5 stars,"5.0 out of 5 stars
Still one of best base flagships out there in 2024
",Apple iPhone 13
104,5.0 out of 5 stars,"5.0 out of 5 stars
⭐⭐⭐⭐⭐ Great Phone - Super Happy with My iPhone 13!
",Apple iPhone 13
105,5.0 out of 5 stars,"5.0 out of 5 stars
Best phone for photos , gaming and battery under price
",Apple iPhone 13
106,5.0 out of 5 stars,"5.0 out of 5 stars
So Beautiful, So elegant, just looking like a wow.
",Apple iPhone 13
107,5.0 out of 5 stars,"5.0 out of 5 stars
Love
",Apple iPhone 13
108,4.0 out of 5 stars,"4.0 out of 5 stars
Android to Apple Transition - Not a very smooth experience
",Apple iPhone 13
109,4.0 out of 5 stars,"4.0 out of 5 stars
A Sleek and powerful device
",Apple iPhone 13
110,4.0 out of 5 stars,"4.0 out of 5 stars
Better option over iphone 14
",Apple iPhone 13
111,4.0 out of 5 stars,"4.0 out of 5 stars
1 star cut for heating issue
",Apple iPhone 13
112,4.0 out of 5 stars,"4.0 out of 5 stars
I loved it, if I forgot the price �
",Apple iPhone 13
113,4.0 out of 5 stars,"4.0 out of 5 stars
Good
",Apple iPhone 13
114,4.0 out of 5 stars,"4.0 out of 5 stars
Best iPhone
",Apple iPhone 13
115,4.0 out of 5 stars,"4.0 out of 5 stars
Dream mobile
",Apple iPhone 13
116,4.0 out of 5 stars,"4.0 out of 5 stars
Amazing
",Apple iPhone 13
117,4.0 out of 5 stars,"4.0 out of 5 stars
Best phone
",Apple iPhone 13
118,4.0 out of 5 stars,"4.0 out of 5 stars
Really good
",Apple iPhone 13
119,4.0 out of 5 stars,"4.0 out of 5 stars
The rear camera is the best thing about this iphone 13
",Apple iPhone 13
120,5.0 out of 5 stars,"5.0 out of 5 stars
Best
",Apple iPhone 13
121,5.0 out of 5 stars,"5.0 out of 5 stars
Actually beast
",Apple iPhone 13
122,4.0 out of 5 stars,"4.0 out of 5 stars
Cam phone
",Apple iPhone 13
123,4.0 out of 5 stars,"4.0 out of 5 stars
So far so good
",Apple iPhone 13
124,4.0 out of 5 stars,"4.0 out of 5 stars
Flip camera option nill
",Apple iPhone 13
125,5.0 out of 5 stars,"5.0 out of 5 stars
Awesome
",Apple iPhone 13
126,4.0 out of 5 stars,"4.0 out of 5 stars
Very nice
",Apple iPhone 13
127,5.0 out of 5 stars,"5.0 out of 5 stars
Review
",Apple iPhone 13
128,4.0 out of 5 stars,"4.0 out of 5 stars
Nice Product
",Apple iPhone 13
129,5.0 out of 5 stars,"5.0 out of 5 stars
Go for it
",Apple iPhone 13
130,4.0 out of 5 stars,"4.0 out of 5 stars
Good
",Apple iPhone 13
131,5.0 out of 5 stars,"5.0 out of 5 stars
Good
",Apple iPhone 13
132,5.0 out of 5 stars,"5.0 out of 5 stars
No words
",Apple iPhone 13
133,5.0 out of 5 stars,"5.0 out of 5 stars
Look for great deal
",Apple iPhone 13
134,5.0 out of 5 stars,"5.0 out of 5 stars
It's original product
",Apple iPhone 13
135,5.0 out of 5 stars,"5.0 out of 5 stars
Awesome Quality
",Apple iPhone 13
136,4.0 out of 5 stars,"4.0 out of 5 stars
Perfect Product
",Apple iPhone 13
137,5.0 out of 5 stars,"5.0 out of 5 stars
Owesome
",Apple iPhone 13
138,4.0 out of 5 stars,"4.0 out of 5 stars
Good product
",Apple iPhone 13
139,5.0 out of 5 stars,"5.0 out of 5 stars
Ios
",Apple iPhone 13
140,5.0 out of 5 stars,"5.0 out of 5 stars
Really nice
",Apple iPhone 13
141,5.0 out of 5 stars,"5.0 out of 5 stars
Good
",Apple iPhone 13
142,5.0 out of 5 stars,"5.0 out of 5 stars
Mast hai...
",Apple iPhone 13
143,5.0 out of 5 stars,"5.0 out of 5 stars
I love it
",Apple iPhone 13
144,5.0 out of 5 stars,"5.0 out of 5 stars
Dear Apple
",Apple iPhone 13
145,5.0 out of 5 stars,"5.0 out of 5 stars
Good
",Apple iPhone 13
146,4.0 out of 5 stars,"4.0 out of 5 stars
The iPhone 13 - A Stunning Upgrade!
",Apple iPhone 13
147,5.0 out of 5 stars,"5.0 out of 5 stars
Bharat Sharma
",Apple iPhone 13
148,5.0 out of 5 stars,"5.0 out of 5 stars
A very good purchase
",Apple iPhone 13
149,5.0 out of 5 stars,"5.0 out of 5 stars
NYC looking  amazing  good service
",Apple iPhone 13
150,4.0 out of 5 stars,"4.0 out of 5 stars
Battery issue
",Apple iPhone 13
151,3.0 out of 5 stars,"3.0 out of 5 stars
feel good yet(6 month)
",Apple iPhone 13
152,5.0 out of 5 stars,"5.0 out of 5 stars
Performance & Camera quality
",Apple iPhone 13
153,5.0 out of 5 stars,"5.0 out of 5 stars
Very good just amazing iphone
",Apple iPhone 13
154,4.0 out of 5 stars,"4.0 out of 5 stars
Overall a good beast in price
",Apple iPhone 13
155,5.0 out of 5 stars,"5.0 out of 5 stars
I switched from Android to iPhone... and it was the best decision
",Apple iPhone 13
156,4.0 out of 5 stars,"4.0 out of 5 stars
Review after 1 week of usage
",Apple iPhone 13
157,5.0 out of 5 stars,"5.0 out of 5 stars
Good
",Apple iPhone 13
158,5.0 out of 5 stars,"5.0 out of 5 stars
Perfect product
",Apple iPhone 13
159,5.0 out of 5 stars,"5.0 out of 5 stars
Nice phone in this budget
",Apple iPhone 13
160,5.0 out of 5 stars,"5.0 out of 5 stars
Ok
",Apple iPhone 13
161,5.0 out of 5 stars,"5.0 out of 5 stars
Product
",Apple iPhone 13
162,5.0 out of 5 stars,"5.0 out of 5 stars
Overall good
",Apple iPhone 13
163,5.0 out of 5 stars,"5.0 out of 5 stars
Good
",Apple iPhone 13
164,5.0 out of 5 stars,"5.0 out of 5 stars
Perfect
",Apple iPhone 13
165,5.0 out of 5 stars,"5.0 out of 5 stars
Very nice product and fully proctect packing from amazon
",Apple iPhone 13
166,4.0 out of 5 stars,"4.0 out of 5 stars
Mobile have more heat at the time of charging
",Apple iPhone 13
167,4.0 out of 5 stars,"4.0 out of 5 stars
Best�
",Apple iPhone 13
168,4.0 out of 5 stars,"4.0 out of 5 stars
iPhone 13 camera and all phone best ��
",Apple iPhone 13
169,5.0 out of 5 stars,"5.0 out of 5 stars
Experience
",Apple iPhone 13
170,4.0 out of 5 stars,"4.0 out of 5 stars
Amazing Phone �
",Apple iPhone 13
171,4.0 out of 5 stars,"4.0 out of 5 stars
Only problem is the battery
",Apple iPhone 13
172,4.0 out of 5 stars,"4.0 out of 5 stars
Nice Handset
",Apple iPhone 13
173,3.0 out of 5 stars,"3.0 out of 5 stars
Alert slider is lose
",Apple iPhone 13
174,4.0 out of 5 stars,"4.0 out of 5 stars
Nothing special
",Apple iPhone 13
175,5.0 out of 5 stars,"5.0 out of 5 stars
Amazing device.
",Apple iPhone 13
176,4.0 out of 5 stars,"4.0 out of 5 stars
Amazing deal
",Apple iPhone 13
177,4.0 out of 5 stars,"4.0 out of 5 stars
Iphone
",Apple iPhone 13
178,5.0 out of 5 stars,"5.0 out of 5 stars
Battery health
",Apple iPhone 13
179,5.0 out of 5 stars,"5.0 out of 5 stars
Good
",Apple iPhone 13
180,3.0 out of 5 stars,"3.0 out of 5 stars
Battery drain to fast
",Apple iPhone 13
181,5.0 out of 5 stars,"5.0 out of 5 stars
Smooth
",Apple iPhone 13
182,5.0 out of 5 stars,"5.0 out of 5 stars
good product
",Apple iPhone 13
183,4.0 out of 5 stars,"4.0 out of 5 stars
good
",Apple iPhone 13
184,5.0 out of 5 stars,"5.0 out of 5 stars
Battery � poor
",Apple iPhone 13
185,4.0 out of 5 stars,"4.0 out of 5 stars
Superb
",Apple iPhone 13
186,4.0 out of 5 stars,"4.0 out of 5 stars
Great buy
",Apple iPhone 13
187,5.0 out of 5 stars,"5.0 out of 5 stars
A gift for my wife
",Apple iPhone 13
188,5.0 out of 5 stars,"5.0 out of 5 stars
Best buy
",Apple iPhone 13
189,5.0 out of 5 stars,"5.0 out of 5 stars
Superb iphone 13
",Apple iPhone 13
190,5.0 out of 5 stars,"5.0 out of 5 stars
A great choice
",Apple iPhone 13
191,5.0 out of 5 stars,"5.0 out of 5 stars
Very beautiful lag free phone
",Apple iPhone 13
192,4.0 out of 5 stars,"4.0 out of 5 stars
Nice
",Apple iPhone 13
193,5.0 out of 5 stars,"5.0 out of 5 stars
Fantastic
",Apple iPhone 13
194,5.0 out of 5 stars,"5.0 out of 5 stars
Awesome everything.  Apple >>>>> Android
",Apple iPhone 13
195,4.0 out of 5 stars,"4.0 out of 5 stars
iPhone 13 (BLUE)
",Apple iPhone 13
196,4.0 out of 5 stars,"4.0 out of 5 stars
Best phone experience.
",Apple iPhone 13
197,5.0 out of 5 stars,"5.0 out of 5 stars
Very good and nice product
",Apple iPhone 13
198,3.0 out of 5 stars,"3.0 out of 5 stars
Not worth
",Apple iPhone 13
199,5.0 out of 5 stars,"5.0 out of 5 stars
Performance
",Apple iPhone 13
200,5.0 out of 5 stars,"5.0 out of 5 stars
iPhone XR to iPhone 15
",Apple iPhone 15
201,5.0 out of 5 stars,"5.0 out of 5 stars
iPhone 15 A solid upgrade and value for money
",Apple iPhone 15
202,5.0 out of 5 stars,"5.0 out of 5 stars
The BEST iPhone EVERRRRRRR! : iPhone 15 review after 2 weeks of continuous use
",Apple iPhone 15
203,4.0 out of 5 stars,"4.0 out of 5 stars
Good product
",Apple iPhone 15
204,5.0 out of 5 stars,"5.0 out of 5 stars
Good
",Apple iPhone 15
205,5.0 out of 5 stars,"5.0 out of 5 stars
Good
",Apple iPhone 15
206,5.0 out of 5 stars,"5.0 out of 5 stars
Only original phone
",Apple iPhone 15
207,4.0 out of 5 stars,"4.0 out of 5 stars
No big changes. Disappointed
",Apple iPhone 15
208,4.0 out of 5 stars,"4.0 out of 5 stars
Feedback iPhone
",Apple iPhone 15
209,4.0 out of 5 stars,"4.0 out of 5 stars
Quality and looks
",Apple iPhone 15
210,4.0 out of 5 stars,"4.0 out of 5 stars
This is the Indian version
",Apple iPhone 15
211,4.0 out of 5 stars,"4.0 out of 5 stars
Not bad
",Apple iPhone 15
212,4.0 out of 5 stars,"4.0 out of 5 stars
For sensor
",Apple iPhone 15
213,4.0 out of 5 stars,"4.0 out of 5 stars
Does the job
",Apple iPhone 15
214,4.0 out of 5 stars,"4.0 out of 5 stars
Good
",Apple iPhone 15
215,4.0 out of 5 stars,"4.0 out of 5 stars
iPhone only if you want to show off
",Apple iPhone 15
216,4.0 out of 5 stars,"4.0 out of 5 stars
Camera quality is good
",Apple iPhone 15
217,5.0 out of 5 stars,"5.0 out of 5 stars
iPhone 15
",Apple iPhone 15
218,4.0 out of 5 stars,"4.0 out of 5 stars
Iphone 15
",Apple iPhone 15
219,5.0 out of 5 stars,"5.0 out of 5 stars
Sb kuch hi important h
",Apple iPhone 15
220,5.0 out of 5 stars,"5.0 out of 5 stars
Wow
",Apple iPhone 15
221,5.0 out of 5 stars,"5.0 out of 5 stars
Good
",Apple iPhone 15
222,5.0 out of 5 stars,"5.0 out of 5 stars
good one
",Apple iPhone 15
223,5.0 out of 5 stars,"5.0 out of 5 stars
Good phone but
",Apple iPhone 15
224,5.0 out of 5 stars,"5.0 out of 5 stars
All time favourite
",Apple iPhone 15
225,5.0 out of 5 stars,"5.0 out of 5 stars
Reliable delivery by Amazon
",Apple iPhone 15
226,5.0 out of 5 stars,"5.0 out of 5 stars
Nice one
",Apple iPhone 15
227,5.0 out of 5 stars,"5.0 out of 5 stars
Superb…..very happy with purchase
",Apple iPhone 15
228,5.0 out of 5 stars,"5.0 out of 5 stars
Apple
",Apple iPhone 15
229,4.0 out of 5 stars,"4.0 out of 5 stars
It fine not that much extraordinary than 13
",Apple iPhone 15
230,4.0 out of 5 stars,"4.0 out of 5 stars
Good
",Apple iPhone 15
231,4.0 out of 5 stars,"4.0 out of 5 stars
iPhone 15
",Apple iPhone 15
232,5.0 out of 5 stars,"5.0 out of 5 stars
Very exciting mobile
",Apple iPhone 15
233,4.0 out of 5 stars,"4.0 out of 5 stars
Very good product
",Apple iPhone 15
234,4.0 out of 5 stars,"4.0 out of 5 stars
Heating issues
",Apple iPhone 15
235,5.0 out of 5 stars,"5.0 out of 5 stars
Good
",Apple iPhone 15
236,5.0 out of 5 stars,"5.0 out of 5 stars
Great Device
",Apple iPhone 15
237,5.0 out of 5 stars,"5.0 out of 5 stars
Simply Wow
",Apple iPhone 15
238,5.0 out of 5 stars,"5.0 out of 5 stars
Little expensive but it’s an iphone
",Apple iPhone 15
239,4.0 out of 5 stars,"4.0 out of 5 stars
For all things
",Apple iPhone 15
240,4.0 out of 5 stars,"4.0 out of 5 stars
Overall good
",Apple iPhone 15
241,5.0 out of 5 stars,"5.0 out of 5 stars
It's great
",Apple iPhone 15
242,4.0 out of 5 stars,"4.0 out of 5 stars
Unsatisfied with the Heating issue.
",Apple iPhone 15
243,3.0 out of 5 stars,"3.0 out of 5 stars
Dispointed
",Apple iPhone 15
244,5.0 out of 5 stars,"5.0 out of 5 stars
The device I almost lost within a week.
",Apple iPhone 15
245,5.0 out of 5 stars,"5.0 out of 5 stars
More Better pictures
",Apple iPhone 15
246,5.0 out of 5 stars,"5.0 out of 5 stars
Ok
",Apple iPhone 15
247,5.0 out of 5 stars,"5.0 out of 5 stars
Good
",Apple iPhone 15
248,5.0 out of 5 stars,"5.0 out of 5 stars
Nice item
",Apple iPhone 15
249,5.0 out of 5 stars,"5.0 out of 5 stars
Excellent
",Apple iPhone 15
250,5.0 out of 5 stars,"5.0 out of 5 stars
IPHONE 15 is good upgrade from 12.
",Apple iPhone 15
251,5.0 out of 5 stars,"5.0 out of 5 stars
The ultimate phone
",Apple iPhone 15
252,5.0 out of 5 stars,"5.0 out of 5 stars
Value for money
",Apple iPhone 15
253,4.0 out of 5 stars,"4.0 out of 5 stars
It's about the great iPhone 15
",Apple iPhone 15
254,4.0 out of 5 stars,"4.0 out of 5 stars
Almost perfect
",Apple iPhone 15
255,5.0 out of 5 stars,"5.0 out of 5 stars
iPhone is always best
",Apple iPhone 15
256,5.0 out of 5 stars,"5.0 out of 5 stars
Perfect
",Apple iPhone 15
257,5.0 out of 5 stars,"5.0 out of 5 stars
Excellent performance
",Apple iPhone 15
258,5.0 out of 5 stars,"5.0 out of 5 stars
looking awesome
",Apple iPhone 15
259,4.0 out of 5 stars,"4.0 out of 5 stars
Nice
",Apple iPhone 15
260,3.0 out of 5 stars,"3.0 out of 5 stars
Not that much good…
",Apple iPhone 15
261,4.0 out of 5 stars,"4.0 out of 5 stars
Good product
",Apple iPhone 15
262,3.0 out of 5 stars,"3.0 out of 5 stars
Heat
",Apple iPhone 15
263,4.0 out of 5 stars,"4.0 out of 5 stars
Good phone But heating issues
",Apple iPhone 15
264,4.0 out of 5 stars,"4.0 out of 5 stars
Verdict
",Apple iPhone 15
265,5.0 out of 5 stars,"5.0 out of 5 stars
Perfect
",Apple iPhone 15
266,5.0 out of 5 stars,"5.0 out of 5 stars
Must buy
",Apple iPhone 15
267,5.0 out of 5 stars,"5.0 out of 5 stars
Beast
",Apple iPhone 15
268,3.0 out of 5 stars,"3.0 out of 5 stars
Overheat
",Apple iPhone 15
269,5.0 out of 5 stars,"5.0 out of 5 stars
Value for money
",Apple iPhone 15
270,4.0 out of 5 stars,"4.0 out of 5 stars
Good
",Apple iPhone 15
271,5.0 out of 5 stars,"5.0 out of 5 stars
Best iPhone of the year
",Apple iPhone 15
272,5.0 out of 5 stars,"5.0 out of 5 stars
I switched from 13 to 15
",Apple iPhone 15
273,5.0 out of 5 stars,"5.0 out of 5 stars
Expensive phone
",Apple iPhone 15
274,5.0 out of 5 stars,"5.0 out of 5 stars
Good
",Apple iPhone 15
275,5.0 out of 5 stars,"5.0 out of 5 stars
Best for an average user.
",Apple iPhone 15
276,5.0 out of 5 stars,"5.0 out of 5 stars
Worth buying
",Apple iPhone 15
277,5.0 out of 5 stars,"5.0 out of 5 stars
Excellent phone
",Apple iPhone 15
278,5.0 out of 5 stars,"5.0 out of 5 stars
Best and must upgrade over older models
",Apple iPhone 15
279,4.0 out of 5 stars,"4.0 out of 5 stars
Not a bad pick it seems
",Apple iPhone 15
280,5.0 out of 5 stars,"5.0 out of 5 stars
The most value for money iPhone till date
",Apple iPhone 15
281,5.0 out of 5 stars,"5.0 out of 5 stars
Nice
",Apple iPhone 15
282,5.0 out of 5 stars,"5.0 out of 5 stars
Best iPhone in this range
",Apple iPhone 15
283,4.0 out of 5 stars,"4.0 out of 5 stars
Best camera
",Apple iPhone 15
284,5.0 out of 5 stars,"5.0 out of 5 stars
First iPhone
",Apple iPhone 15
285,5.0 out of 5 stars,"5.0 out of 5 stars
Geniune product
",Apple iPhone 15
286,5.0 out of 5 stars,"5.0 out of 5 stars
Amazing Phone
",Apple iPhone 15
287,5.0 out of 5 stars,"5.0 out of 5 stars
Great buy
",Apple iPhone 15
288,5.0 out of 5 stars,"5.0 out of 5 stars
Worthy
",Apple iPhone 15
289,4.0 out of 5 stars,"4.0 out of 5 stars
Worthy
",Apple iPhone 15
290,5.0 out of 5 stars,"5.0 out of 5 stars
This is iphone yes I know
",Apple iPhone 15
291,5.0 out of 5 stars,"5.0 out of 5 stars
It’s Fantastic
",Apple iPhone 15
292,5.0 out of 5 stars,"5.0 out of 5 stars
camera mind blowing........
",Apple iPhone 15
293,5.0 out of 5 stars,"5.0 out of 5 stars
Camera super
",Apple iPhone 15
294,3.0 out of 5 stars,"3.0 out of 5 stars
Just hype
",Apple iPhone 15
295,3.0 out of 5 stars,"3.0 out of 5 stars
Good phone
",Apple iPhone 15
296,5.0 out of 5 stars,"5.0 out of 5 stars
My Honest review
",Apple iPhone 15
297,4.0 out of 5 stars,"4.0 out of 5 stars
Nice
",Apple iPhone 15
298,4.0 out of 5 stars,"4.0 out of 5 stars
Phone is awesome
",Apple iPhone 15
299,5.0 out of 5 stars,"5.0 out of 5 stars
Excellent
",Apple iPhone 15
300,5.0 out of 5 stars,"5.0 out of 5 stars
S20- Better than Ultra!!
",Samsung s20
301,1.0 out of 5 stars,"1.0 out of 5 stars
Nothing could be worst experience than this.
",Samsung s20
302,5.0 out of 5 stars,"5.0 out of 5 stars
Gorgeous & ergonomic form, strong build, brilliant display and a super-fluid operating system
",Samsung s20
303,4.0 out of 5 stars,"4.0 out of 5 stars
Good camera phone with average features at premium price
",Samsung s20
304,3.0 out of 5 stars,"3.0 out of 5 stars
Review After 4 Days.
",Samsung s20
305,5.0 out of 5 stars,"5.0 out of 5 stars
Powerpacked: everything is just about perfect.
",Samsung s20
306,1.0 out of 5 stars,"1.0 out of 5 stars
Damaged product
",Samsung s20
307,5.0 out of 5 stars,"5.0 out of 5 stars
Masterpiece Galaxy S 20
",Samsung s20
308,3.0 out of 5 stars,"3.0 out of 5 stars
It is a huge downgrade when compared to 865 variant - Edit - some improvements
",Samsung s20
309,5.0 out of 5 stars,"5.0 out of 5 stars
Read this review before you buy.
",Samsung s20
310,3.0 out of 5 stars,"3.0 out of 5 stars
Not a flagship. And very costly
",Samsung s20
311,4.0 out of 5 stars,"4.0 out of 5 stars
Wait for more reviews and comments before buying!
",Samsung s20
312,3.0 out of 5 stars,"3.0 out of 5 stars
Samsung's substandard Exynos dumpyard is India�
",Samsung s20
313,4.0 out of 5 stars,"4.0 out of 5 stars
Overall a great flagship phone to have
",Samsung s20
314,5.0 out of 5 stars,"5.0 out of 5 stars
Light and beautiful phone, beautiful display
",Samsung s20
315,5.0 out of 5 stars,"5.0 out of 5 stars
Killer flagship, one of its kind.
",Samsung s20
316,4.0 out of 5 stars,"4.0 out of 5 stars
Personal Opinion and Small Review
",Samsung s20
317,5.0 out of 5 stars,"5.0 out of 5 stars
Best Android Camera Phone 2020
",Samsung s20
318,4.0 out of 5 stars,"4.0 out of 5 stars
Great phone with few staggering issues
",Samsung s20
319,3.0 out of 5 stars,"3.0 out of 5 stars
Samsung saved it's money by not providing different slots for charge & earphones.
",Samsung s20
320,4.0 out of 5 stars,"4.0 out of 5 stars
Better value for Money
",Samsung s20
321,5.0 out of 5 stars,"5.0 out of 5 stars
I not get warranty card and user manual
",Samsung s20
322,4.0 out of 5 stars,"4.0 out of 5 stars
S 20 lacks in being value for money
",Samsung s20
323,4.0 out of 5 stars,"4.0 out of 5 stars
Good phone as expected from Samsung
",Samsung s20
324,4.0 out of 5 stars,"4.0 out of 5 stars
Best of the S20 series
",Samsung s20
325,1.0 out of 5 stars,"1.0 out of 5 stars
Heating and Battery Issue
",Samsung s20
326,5.0 out of 5 stars,"5.0 out of 5 stars
BEST PHONE IF YOU DON'T WANT APPLE!
",Samsung s20
327,5.0 out of 5 stars,"5.0 out of 5 stars
Impressive mobile. Worth it.
",Samsung s20
328,1.0 out of 5 stars,"1.0 out of 5 stars
received damaged item
",Samsung s20
329,5.0 out of 5 stars,"5.0 out of 5 stars
Review after 4 months of usage
",Samsung s20
330,4.0 out of 5 stars,"4.0 out of 5 stars
good product , can be better
",Samsung s20
331,1.0 out of 5 stars,"1.0 out of 5 stars
Major heating problem!
",Samsung s20
332,4.0 out of 5 stars,"4.0 out of 5 stars
Decent performance, could be better.
",Samsung s20
333,4.0 out of 5 stars,"4.0 out of 5 stars
Great phone
",Samsung s20
334,3.0 out of 5 stars,"3.0 out of 5 stars
not going to buy Samsung phones again.
",Samsung s20
335,5.0 out of 5 stars,"5.0 out of 5 stars
Excellent performance
",Samsung s20
336,5.0 out of 5 stars,"5.0 out of 5 stars
A Powerful Phone
",Samsung s20
337,5.0 out of 5 stars,"5.0 out of 5 stars
Awesome value for money phone..go for it
",Samsung s20
338,1.0 out of 5 stars,"1.0 out of 5 stars
jack of all trades is a master of none
",Samsung s20
339,4.0 out of 5 stars,"4.0 out of 5 stars
Critical one
",Samsung s20
340,5.0 out of 5 stars,"5.0 out of 5 stars
Value for Money indeed!!
",Samsung s20
341,5.0 out of 5 stars,"5.0 out of 5 stars
Great flagship
",Samsung s20
342,3.0 out of 5 stars,"3.0 out of 5 stars
Great mobile with worst battery
",Samsung s20
343,5.0 out of 5 stars,"5.0 out of 5 stars
Fantastic in everything
",Samsung s20
344,5.0 out of 5 stars,"5.0 out of 5 stars
Compact Handy and Superb display.
",Samsung s20
345,2.0 out of 5 stars,"2.0 out of 5 stars
Just Terrible
",Samsung s20
346,5.0 out of 5 stars,"5.0 out of 5 stars
v nice
",Samsung s20
347,5.0 out of 5 stars,"5.0 out of 5 stars
Best in the segment!!
",Samsung s20
348,3.0 out of 5 stars,"3.0 out of 5 stars
good phone but needs perfection
",Samsung s20
349,3.0 out of 5 stars,"3.0 out of 5 stars
Not as expected considering the price.
",Samsung s20
350,5.0 out of 5 stars,"5.0 out of 5 stars
Samsung S20 - A winner
",Samsung s20
351,3.0 out of 5 stars,"3.0 out of 5 stars
Inadequate performance
",Samsung s20
352,2.0 out of 5 stars,"2.0 out of 5 stars
Not a good flagship phone to buy
",Samsung s20
353,5.0 out of 5 stars,"5.0 out of 5 stars
Beast from Samsung
",Samsung s20
354,5.0 out of 5 stars,"5.0 out of 5 stars
Awesome S20 - So far the best Samaung Phone
",Samsung s20
355,5.0 out of 5 stars,"5.0 out of 5 stars
kick ass
",Samsung s20
356,5.0 out of 5 stars,"5.0 out of 5 stars
JUST WOW!
",Samsung s20
357,4.0 out of 5 stars,"4.0 out of 5 stars
An worthy upgrade
",Samsung s20
358,4.0 out of 5 stars,"4.0 out of 5 stars
An amazing handy phone
",Samsung s20
359,1.0 out of 5 stars,"1.0 out of 5 stars
Defective handset. Frequent Voice drops.
",Samsung s20
360,1.0 out of 5 stars,"1.0 out of 5 stars
Get set for Blurry Close-ups and Macro shots!
",Samsung s20
361,5.0 out of 5 stars,"5.0 out of 5 stars
Nice
",Samsung s20
362,4.0 out of 5 stars,"4.0 out of 5 stars
Good Product, buy Samsung
",Samsung s20
363,4.0 out of 5 stars,"4.0 out of 5 stars
Average phone Galaxy S 20
",Samsung s20
364,5.0 out of 5 stars,"5.0 out of 5 stars
I love Samsung My 3rd flagship from Samsung Samsung flagship is the ever best
",Samsung s20
365,5.0 out of 5 stars,"5.0 out of 5 stars
Best flagship for 2020
",Samsung s20
366,4.0 out of 5 stars,"4.0 out of 5 stars
Good flagship phone
",Samsung s20
367,5.0 out of 5 stars,"5.0 out of 5 stars
Samsung S20 is very nice
",Samsung s20
368,5.0 out of 5 stars,"5.0 out of 5 stars
Good phone
",Samsung s20
369,5.0 out of 5 stars,"5.0 out of 5 stars
Extremely Delighted
",Samsung s20
370,1.0 out of 5 stars,"1.0 out of 5 stars
Disappointed
",Samsung s20
371,2.0 out of 5 stars,"2.0 out of 5 stars
Sleek but terrible battery life
",Samsung s20
372,4.0 out of 5 stars,"4.0 out of 5 stars
Good as expected
",Samsung s20
373,1.0 out of 5 stars,"1.0 out of 5 stars
Total disappointment
",Samsung s20
374,4.0 out of 5 stars,"4.0 out of 5 stars
Samsung s20
",Samsung s20
375,5.0 out of 5 stars,"5.0 out of 5 stars
Amazing Phone but subpar battery life
",Samsung s20
376,5.0 out of 5 stars,"5.0 out of 5 stars
Battery review
",Samsung s20
377,4.0 out of 5 stars,"4.0 out of 5 stars
Decent buy
",Samsung s20
378,1.0 out of 5 stars,"1.0 out of 5 stars
THE SEAL WAS BROKEN WHEN I RECEIVED THE DEVICE
",Samsung s20
379,5.0 out of 5 stars,"5.0 out of 5 stars
Good design and size
",Samsung s20
380,4.0 out of 5 stars,"4.0 out of 5 stars
Great quality screen
",Samsung s20
381,5.0 out of 5 stars,"5.0 out of 5 stars
excellent phone
",Samsung s20
382,1.0 out of 5 stars,"1.0 out of 5 stars
After 15 months the screen becomes white completely
",Samsung s20
383,5.0 out of 5 stars,"5.0 out of 5 stars
Hit hai boss
",Samsung s20
384,5.0 out of 5 stars,"5.0 out of 5 stars
Value for Money
",Samsung s20
385,5.0 out of 5 stars,"5.0 out of 5 stars
Satisfied
",Samsung s20
386,1.0 out of 5 stars,"1.0 out of 5 stars
Worthless product and Service
",Samsung s20
387,4.0 out of 5 stars,"4.0 out of 5 stars
S20
",Samsung s20
388,5.0 out of 5 stars,"5.0 out of 5 stars
look , size and weight are perfect.
",Samsung s20
389,5.0 out of 5 stars,"5.0 out of 5 stars
You can trust Amazon
",Samsung s20
390,5.0 out of 5 stars,"5.0 out of 5 stars
Very good phone
",Samsung s20
391,5.0 out of 5 stars,"5.0 out of 5 stars
awesome
",Samsung s20
392,1.0 out of 5 stars,"1.0 out of 5 stars
Battery backup very poor
",Samsung s20
393,5.0 out of 5 stars,"5.0 out of 5 stars
Battery charging could have been better
",Samsung s20
394,1.0 out of 5 stars,"1.0 out of 5 stars
No buy
",Samsung s20
395,5.0 out of 5 stars,"5.0 out of 5 stars
My S20 review
",Samsung s20
396,5.0 out of 5 stars,"5.0 out of 5 stars
Amazing camera, great performance
",Samsung s20
397,5.0 out of 5 stars,"5.0 out of 5 stars
Good device
",Samsung s20
398,3.0 out of 5 stars,"3.0 out of 5 stars
Heating issue
",Samsung s20
399,5.0 out of 5 stars,"5.0 out of 5 stars
Good Phone overall
",Samsung s20
400,5.0 out of 5 stars,"5.0 out of 5 stars
Camera is the best in this price segment best display but battery and overheating is the issue.
",Samsung s22
401,5.0 out of 5 stars,"5.0 out of 5 stars
Perfect Mobile for me, lot of misconception about battery,
",Samsung s22
402,4.0 out of 5 stars,"4.0 out of 5 stars
Awesome mobile!!!!
",Samsung s22
403,5.0 out of 5 stars,"5.0 out of 5 stars
Tinny Monstar with Weak Battery
",Samsung s22
404,5.0 out of 5 stars,"5.0 out of 5 stars
Best phone to purchase on a deal (High Time Samsung Works on Battery)
",Samsung s22
405,1.0 out of 5 stars,"1.0 out of 5 stars
Poor Performance and in 6th month facing Battery Not charging issues.
",Samsung s22
406,5.0 out of 5 stars,"5.0 out of 5 stars
A good Samsung Phone
",Samsung s22
407,4.0 out of 5 stars,"4.0 out of 5 stars
Camera Flagship with impoverished Battery
",Samsung s22
408,4.0 out of 5 stars,"4.0 out of 5 stars
Looks premium
",Samsung s22
409,4.0 out of 5 stars,"4.0 out of 5 stars
Following by three-month period,
",Samsung s22
410,4.0 out of 5 stars,"4.0 out of 5 stars
Great phone but could've been better
",Samsung s22
411,4.0 out of 5 stars,"4.0 out of 5 stars
Charger
",Samsung s22
412,4.0 out of 5 stars,"4.0 out of 5 stars
Nice mobile
",Samsung s22
413,4.0 out of 5 stars,"4.0 out of 5 stars
Low battery performance
",Samsung s22
414,4.0 out of 5 stars,"4.0 out of 5 stars
Easy to use
",Samsung s22
415,5.0 out of 5 stars,"5.0 out of 5 stars
Nice product
",Samsung s22
416,5.0 out of 5 stars,"5.0 out of 5 stars
MOST PERFECT PHONE
",Samsung s22
417,4.0 out of 5 stars,"4.0 out of 5 stars
Good  phone  for minnale  Users
",Samsung s22
418,5.0 out of 5 stars,"5.0 out of 5 stars
ABSOLUTE FLAGSHIP MONSTER
",Samsung s22
419,5.0 out of 5 stars,"5.0 out of 5 stars
Compact,Camera,Comfort
",Samsung s22
420,5.0 out of 5 stars,"5.0 out of 5 stars
I lOve This Phone
",Samsung s22
421,3.0 out of 5 stars,"3.0 out of 5 stars
An average mobile phone from Samsung.
",Samsung s22
422,5.0 out of 5 stars,"5.0 out of 5 stars
Very good smartphone
",Samsung s22
423,5.0 out of 5 stars,"5.0 out of 5 stars
S22
",Samsung s22
424,4.0 out of 5 stars,"4.0 out of 5 stars
Best Android phone with few compromises
",Samsung s22
425,2.0 out of 5 stars,"2.0 out of 5 stars
I'm a samsung fan, but this let me down
",Samsung s22
426,5.0 out of 5 stars,"5.0 out of 5 stars
BEST COMPACT PHONE ��
",Samsung s22
427,5.0 out of 5 stars,"5.0 out of 5 stars
Beware with One Issue
",Samsung s22
428,5.0 out of 5 stars,"5.0 out of 5 stars
Phone for matures and office workers who use phone as phone
",Samsung s22
429,5.0 out of 5 stars,"5.0 out of 5 stars
Best and handy
",Samsung s22
430,4.0 out of 5 stars,"4.0 out of 5 stars
Little champ !!
",Samsung s22
431,3.0 out of 5 stars,"3.0 out of 5 stars
No adapter or back cover provided
",Samsung s22
432,3.0 out of 5 stars,"3.0 out of 5 stars
Zero battery performance.
",Samsung s22
433,5.0 out of 5 stars,"5.0 out of 5 stars
Very good
",Samsung s22
434,4.0 out of 5 stars,"4.0 out of 5 stars
If You are Not a Heavy User, You'll Love it
",Samsung s22
435,5.0 out of 5 stars,"5.0 out of 5 stars
Pitch-Perfect!
",Samsung s22
436,5.0 out of 5 stars,"5.0 out of 5 stars
Good choice
",Samsung s22
437,4.0 out of 5 stars,"4.0 out of 5 stars
Best in camera average in battery life
",Samsung s22
438,2.0 out of 5 stars,"2.0 out of 5 stars
Light weight and small cute size. Poor battery performance
",Samsung s22
439,4.0 out of 5 stars,"4.0 out of 5 stars
All good except battery life
",Samsung s22
440,4.0 out of 5 stars,"4.0 out of 5 stars
About the item
",Samsung s22
441,5.0 out of 5 stars,"5.0 out of 5 stars
If you are an executive and not a heavy user, blindly go for it� iphone killer and deal breaker
",Samsung s22
442,5.0 out of 5 stars,"5.0 out of 5 stars
Amazing device. Worth the price.
",Samsung s22
443,4.0 out of 5 stars,"4.0 out of 5 stars
Camera is really really good
",Samsung s22
444,4.0 out of 5 stars,"4.0 out of 5 stars
Jack of all trades, master of none.
",Samsung s22
445,5.0 out of 5 stars,"5.0 out of 5 stars
Fantastic Phone for the Price (Android : The open source King)
",Samsung s22
446,4.0 out of 5 stars,"4.0 out of 5 stars
Handy and Lighting Fast
",Samsung s22
447,4.0 out of 5 stars,"4.0 out of 5 stars
Absolutely worth it...
",Samsung s22
448,4.0 out of 5 stars,"4.0 out of 5 stars
Fine
",Samsung s22
449,4.0 out of 5 stars,"4.0 out of 5 stars
SAMSUNG VERY NICE
",Samsung s22
450,4.0 out of 5 stars,"4.0 out of 5 stars
Good
",Samsung s22
451,4.0 out of 5 stars,"4.0 out of 5 stars
Classy but...
",Samsung s22
452,5.0 out of 5 stars,"5.0 out of 5 stars
The first Android iPhone..What a joy
",Samsung s22
453,5.0 out of 5 stars,"5.0 out of 5 stars
Awesome Product
",Samsung s22
454,2.0 out of 5 stars,"2.0 out of 5 stars
Poor battery life
",Samsung s22
455,4.0 out of 5 stars,"4.0 out of 5 stars
its very nice product except battery life
",Samsung s22
456,4.0 out of 5 stars,"4.0 out of 5 stars
Compact phone
",Samsung s22
457,5.0 out of 5 stars,"5.0 out of 5 stars
Noicee!!
",Samsung s22
458,4.0 out of 5 stars,"4.0 out of 5 stars
Great Phone ( Not for gaming though ""battery and heating"")
",Samsung s22
459,5.0 out of 5 stars,"5.0 out of 5 stars
It's a smaller package with everything you need
",Samsung s22
460,4.0 out of 5 stars,"4.0 out of 5 stars
Bought it for looks
",Samsung s22
461,4.0 out of 5 stars,"4.0 out of 5 stars
Excellent Display and Camera
",Samsung s22
462,4.0 out of 5 stars,"4.0 out of 5 stars
Easy-to-use
",Samsung s22
463,1.0 out of 5 stars,"1.0 out of 5 stars
Old mobile given
",Samsung s22
464,5.0 out of 5 stars,"5.0 out of 5 stars
The best Android phone I've used till now.
",Samsung s22
465,2.0 out of 5 stars,"2.0 out of 5 stars
Good phone terrible battery
",Samsung s22
466,5.0 out of 5 stars,"5.0 out of 5 stars
One of the best flagships android phone
",Samsung s22
467,5.0 out of 5 stars,"5.0 out of 5 stars
Perfect sized flagship experience
",Samsung s22
468,4.0 out of 5 stars,"4.0 out of 5 stars
S22 Very good flagship device with great features from Samsung.
",Samsung s22
469,4.0 out of 5 stars,"4.0 out of 5 stars
Battery
",Samsung s22
470,1.0 out of 5 stars,"1.0 out of 5 stars
Camera amazing
",Samsung s22
471,3.0 out of 5 stars,"3.0 out of 5 stars
Battery back up is very poor.
",Samsung s22
472,4.0 out of 5 stars,"4.0 out of 5 stars
From iPhone to Z Flip 4 and settled with s22
",Samsung s22
473,4.0 out of 5 stars,"4.0 out of 5 stars
Good
",Samsung s22
474,5.0 out of 5 stars,"5.0 out of 5 stars
Good Handy Phone with good camera and battery
",Samsung s22
475,4.0 out of 5 stars,"4.0 out of 5 stars
Best samsung s series till date
",Samsung s22
476,5.0 out of 5 stars,"5.0 out of 5 stars
Take it or leave it
",Samsung s22
477,5.0 out of 5 stars,"5.0 out of 5 stars
A real compact phone �. So handy.
",Samsung s22
478,4.0 out of 5 stars,"4.0 out of 5 stars
Battery life is not bad
",Samsung s22
479,3.0 out of 5 stars,"3.0 out of 5 stars
Pretty average for a flagship, battery drain, shouldn't buy
",Samsung s22
480,4.0 out of 5 stars,"4.0 out of 5 stars
Worst battery but still better than iphone
",Samsung s22
481,4.0 out of 5 stars,"4.0 out of 5 stars
Battery Backup
",Samsung s22
482,5.0 out of 5 stars,"5.0 out of 5 stars
best compact smartphone under 50k
",Samsung s22
483,4.0 out of 5 stars,"4.0 out of 5 stars
Best compact phone, small battery.
",Samsung s22
484,4.0 out of 5 stars,"4.0 out of 5 stars
Compact & light weight. But battery..
",Samsung s22
485,4.0 out of 5 stars,"4.0 out of 5 stars
Great Phone but poor Battery
",Samsung s22
486,4.0 out of 5 stars,"4.0 out of 5 stars
Quality
",Samsung s22
487,3.0 out of 5 stars,"3.0 out of 5 stars
Go for it if you want good camera
",Samsung s22
488,4.0 out of 5 stars,"4.0 out of 5 stars
Top notch device at this price range
",Samsung s22
489,5.0 out of 5 stars,"5.0 out of 5 stars
Shift to Android is pleasant
",Samsung s22
490,4.0 out of 5 stars,"4.0 out of 5 stars
Very hot
",Samsung s22
491,4.0 out of 5 stars,"4.0 out of 5 stars
decides yourself
",Samsung s22
492,4.0 out of 5 stars,"4.0 out of 5 stars
Good
",Samsung s22
493,4.0 out of 5 stars,"4.0 out of 5 stars
Does not come with adapter/charger
",Samsung s22
494,4.0 out of 5 stars,"4.0 out of 5 stars
Battery performance and heat up issue
",Samsung s22
495,4.0 out of 5 stars,"4.0 out of 5 stars
Great Smartphone
",Samsung s22
496,5.0 out of 5 stars,"5.0 out of 5 stars
First costly phone bough with my earning.
",Samsung s22
497,4.0 out of 5 stars,"4.0 out of 5 stars
Ok ok
",Samsung s22
498,4.0 out of 5 stars,"4.0 out of 5 stars
Best Phone for daily use.. Not made to Last heavy gaming and Netflix & chill
",Samsung s22
499,4.0 out of 5 stars,"4.0 out of 5 stars
Good phone
",Samsung s22
500,5.0 out of 5 stars,"5.0 out of 5 stars
Near Perfect - Satisfied
",Samsung s23
501,5.0 out of 5 stars,"5.0 out of 5 stars
performance
",Samsung s23
502,4.0 out of 5 stars,"4.0 out of 5 stars
Very handy and powerful device
",Samsung s23
503,5.0 out of 5 stars,"5.0 out of 5 stars
The perfect beast
",Samsung s23
504,5.0 out of 5 stars,"5.0 out of 5 stars
Samsung S23 Review: A Blend of Exceptional Performance and Remarkable Camera
",Samsung s23
505,5.0 out of 5 stars,"5.0 out of 5 stars
Compact and sensible smartphone
",Samsung s23
506,5.0 out of 5 stars,"5.0 out of 5 stars
Compact King�
",Samsung s23
507,5.0 out of 5 stars,"5.0 out of 5 stars
Perfect size and performance
",Samsung s23
508,4.0 out of 5 stars,"4.0 out of 5 stars
One UI updates are not good this time.
",Samsung s23
509,4.0 out of 5 stars,"4.0 out of 5 stars
A premium phone but...
",Samsung s23
510,4.0 out of 5 stars,"4.0 out of 5 stars
Overall it is such a gem
",Samsung s23
511,3.0 out of 5 stars,"3.0 out of 5 stars
Hanging problem
",Samsung s23
512,4.0 out of 5 stars,"4.0 out of 5 stars
Best features but heating issue.
",Samsung s23
513,4.0 out of 5 stars,"4.0 out of 5 stars
Good Product
",Samsung s23
514,4.0 out of 5 stars,"4.0 out of 5 stars
True Flagship
",Samsung s23
515,5.0 out of 5 stars,"5.0 out of 5 stars
Great Samsung flagship experience
",Samsung s23
516,5.0 out of 5 stars,"5.0 out of 5 stars
A perfect phone
",Samsung s23
517,5.0 out of 5 stars,"5.0 out of 5 stars
Best u can get under 50k phone
",Samsung s23
518,4.0 out of 5 stars,"4.0 out of 5 stars
True flagship performance and excellent overall with a (hopefully) temporary glitch.
",Samsung s23
519,4.0 out of 5 stars,"4.0 out of 5 stars
Switched from iPhone 14+, Great compact phone, less the battery
",Samsung s23
520,4.0 out of 5 stars,"4.0 out of 5 stars
Amazing phone
",Samsung s23
521,4.0 out of 5 stars,"4.0 out of 5 stars
Best android compact phone.
",Samsung s23
522,3.0 out of 5 stars,"3.0 out of 5 stars
Everything is Good except below average Camera
",Samsung s23
523,5.0 out of 5 stars,"5.0 out of 5 stars
Compact and modern
",Samsung s23
524,4.0 out of 5 stars,"4.0 out of 5 stars
Powerful compact device
",Samsung s23
525,4.0 out of 5 stars,"4.0 out of 5 stars
Overall phone is good. But battery and software lagging is main issue
",Samsung s23
526,5.0 out of 5 stars,"5.0 out of 5 stars
A handy powerhouse of a device.
",Samsung s23
527,4.0 out of 5 stars,"4.0 out of 5 stars
Battery drains fast
",Samsung s23
528,5.0 out of 5 stars,"5.0 out of 5 stars
Cute and Nice Phone
",Samsung s23
529,4.0 out of 5 stars,"4.0 out of 5 stars
After 1 month of this review,
",Samsung s23
530,5.0 out of 5 stars,"5.0 out of 5 stars
Chhota packet bada dhamaka
",Samsung s23
531,3.0 out of 5 stars,"3.0 out of 5 stars
Oh I didn't like
",Samsung s23
532,3.0 out of 5 stars,"3.0 out of 5 stars
Samsung s24 lunch after samsung s23  software update 6.1 bgmi 60 fps fingers pren problem?
",Samsung s23
533,5.0 out of 5 stars,"5.0 out of 5 stars
A perfect smartphone got in 52k in offers
",Samsung s23
534,5.0 out of 5 stars,"5.0 out of 5 stars
Very premium
",Samsung s23
535,5.0 out of 5 stars,"5.0 out of 5 stars
Good Product
",Samsung s23
536,5.0 out of 5 stars,"5.0 out of 5 stars
Great compact flagship
",Samsung s23
537,5.0 out of 5 stars,"5.0 out of 5 stars
Simply the best android phone
",Samsung s23
538,4.0 out of 5 stars,"4.0 out of 5 stars
Buy or not
",Samsung s23
539,4.0 out of 5 stars,"4.0 out of 5 stars
Satisfied with the purchase
",Samsung s23
540,4.0 out of 5 stars,"4.0 out of 5 stars
Great software. Solid performance. Poor camera quality.
",Samsung s23
541,5.0 out of 5 stars,"5.0 out of 5 stars
Samsung is the best
",Samsung s23
542,4.0 out of 5 stars,"4.0 out of 5 stars
Switched from Realme to Samsung.. its awesome phone
",Samsung s23
543,5.0 out of 5 stars,"5.0 out of 5 stars
Very nice product
",Samsung s23
544,5.0 out of 5 stars,"5.0 out of 5 stars
Samsung s23 Good phone worth buy
",Samsung s23
545,3.0 out of 5 stars,"3.0 out of 5 stars
Battery problem
",Samsung s23
546,4.0 out of 5 stars,"4.0 out of 5 stars
best flagship product
",Samsung s23
547,5.0 out of 5 stars,"5.0 out of 5 stars
Best Compact phone in the market.
",Samsung s23
548,4.0 out of 5 stars,"4.0 out of 5 stars
Gud phone
",Samsung s23
549,5.0 out of 5 stars,"5.0 out of 5 stars
Just go for it!! (Bs Naam se iPhone nhi h)
",Samsung s23
550,5.0 out of 5 stars,"5.0 out of 5 stars
Best Compact Android Phone in the market
",Samsung s23
551,5.0 out of 5 stars,"5.0 out of 5 stars
The smoothest transition from iphone to ANDROID
",Samsung s23
552,4.0 out of 5 stars,"4.0 out of 5 stars
Compact and powerful
",Samsung s23
553,4.0 out of 5 stars,"4.0 out of 5 stars
Excellent except the heat issue.
",Samsung s23
554,5.0 out of 5 stars,"5.0 out of 5 stars
Very good
",Samsung s23
555,5.0 out of 5 stars,"5.0 out of 5 stars
most value
",Samsung s23
556,5.0 out of 5 stars,"5.0 out of 5 stars
Best phone
",Samsung s23
557,5.0 out of 5 stars,"5.0 out of 5 stars
Amazing
",Samsung s23
558,5.0 out of 5 stars,"5.0 out of 5 stars
Super phone
",Samsung s23
559,5.0 out of 5 stars,"5.0 out of 5 stars
It's a proper flagship from one of the best 1st party software maker, Samsung.
",Samsung s23
560,5.0 out of 5 stars,"5.0 out of 5 stars
Great Compact Phone
",Samsung s23
561,5.0 out of 5 stars,"5.0 out of 5 stars
Good
",Samsung s23
562,4.0 out of 5 stars,"4.0 out of 5 stars
I like it.. but not love it.
",Samsung s23
563,5.0 out of 5 stars,"5.0 out of 5 stars
Compact killer
",Samsung s23
564,5.0 out of 5 stars,"5.0 out of 5 stars
Fantastic Phone - Best Compact Phone Period.
",Samsung s23
565,5.0 out of 5 stars,"5.0 out of 5 stars
Very good
",Samsung s23
566,4.0 out of 5 stars,"4.0 out of 5 stars
Quite good product
",Samsung s23
567,5.0 out of 5 stars,"5.0 out of 5 stars
Compact phone with an all day battery, great cameras and superb software support.
",Samsung s23
568,4.0 out of 5 stars,"4.0 out of 5 stars
Loved the design
",Samsung s23
569,5.0 out of 5 stars,"5.0 out of 5 stars
Awsome Mobile
",Samsung s23
570,5.0 out of 5 stars,"5.0 out of 5 stars
Spotlight  in Samsung
",Samsung s23
571,5.0 out of 5 stars,"5.0 out of 5 stars
Handy and powerful
",Samsung s23
572,5.0 out of 5 stars,"5.0 out of 5 stars
A true handy phone
",Samsung s23
573,4.0 out of 5 stars,"4.0 out of 5 stars
Its a very nice phone
",Samsung s23
574,5.0 out of 5 stars,"5.0 out of 5 stars
Better Than Iphone 15/15 Pro �
",Samsung s23
575,5.0 out of 5 stars,"5.0 out of 5 stars
Excellent phone especially the processor !!!
",Samsung s23
576,5.0 out of 5 stars,"5.0 out of 5 stars
Best purchase!
",Samsung s23
577,5.0 out of 5 stars,"5.0 out of 5 stars
Beautiful phone lavender
",Samsung s23
578,4.0 out of 5 stars,"4.0 out of 5 stars
Well rounded decent phone from Samsung
",Samsung s23
579,5.0 out of 5 stars,"5.0 out of 5 stars
Everything is up to the mark
",Samsung s23
580,5.0 out of 5 stars,"5.0 out of 5 stars
Tiny Monster�
",Samsung s23
581,5.0 out of 5 stars,"5.0 out of 5 stars
Simply beast in this range
",Samsung s23
582,5.0 out of 5 stars,"5.0 out of 5 stars
Awesome.
",Samsung s23
583,5.0 out of 5 stars,"5.0 out of 5 stars
Buttery creamy performance-best compact phone
",Samsung s23
584,5.0 out of 5 stars,"5.0 out of 5 stars
Samsung S23 - Value for Money Premium Phone.
",Samsung s23
585,5.0 out of 5 stars,"5.0 out of 5 stars
Best ever
",Samsung s23
586,2.0 out of 5 stars,"2.0 out of 5 stars
Hugely disappointed
",Samsung s23
587,5.0 out of 5 stars,"5.0 out of 5 stars
So far so good
",Samsung s23
588,5.0 out of 5 stars,"5.0 out of 5 stars
Quality
",Samsung s23
589,5.0 out of 5 stars,"5.0 out of 5 stars
Everything is awesome
",Samsung s23
590,5.0 out of 5 stars,"5.0 out of 5 stars
Perfect, go for one
",Samsung s23
591,5.0 out of 5 stars,"5.0 out of 5 stars
Nice phone
",Samsung s23
592,5.0 out of 5 stars,"5.0 out of 5 stars
The best flagship at this price.
",Samsung s23
593,5.0 out of 5 stars,"5.0 out of 5 stars
Handy. Easy to operate
",Samsung s23
594,5.0 out of 5 stars,"5.0 out of 5 stars
Compact iphone alternative
",Samsung s23
595,5.0 out of 5 stars,"5.0 out of 5 stars
Awesome
",Samsung s23
596,5.0 out of 5 stars,"5.0 out of 5 stars
just amazing �
",Samsung s23
597,5.0 out of 5 stars,"5.0 out of 5 stars
Awesome.
",Samsung s23
598,3.0 out of 5 stars,"3.0 out of 5 stars
Samsung S23 Camera failure
",Samsung s23
599,5.0 out of 5 stars,"5.0 out of 5 stars
heats up quickly
",Samsung s23
600,5.0 out of 5 stars,"5.0 out of 5 stars
Beast (best) phone at this price with well thought compromises
",Oneplus 11
601,5.0 out of 5 stars,"5.0 out of 5 stars
Good phone and definite flag ship killer
",Oneplus 11
602,4.0 out of 5 stars,"4.0 out of 5 stars
Beast
",Oneplus 11
603,5.0 out of 5 stars,"5.0 out of 5 stars
its not a bad phone, its not perfect either.
",Oneplus 11
604,5.0 out of 5 stars,"5.0 out of 5 stars
Pretty good
",Oneplus 11
605,1.0 out of 5 stars,"1.0 out of 5 stars
WHAT A SHOCKER OF A LET DOWN!
",Oneplus 11
606,5.0 out of 5 stars,"5.0 out of 5 stars
Can go toe to toe with the best of the best!
",Oneplus 11
607,5.0 out of 5 stars,"5.0 out of 5 stars
So far so good
",Oneplus 11
608,4.0 out of 5 stars,"4.0 out of 5 stars
Love the Phone and it's quirky Features| Hate the Android Stock apps
",Oneplus 11
609,4.0 out of 5 stars,"4.0 out of 5 stars
Powerpacked device and great camera quality
",Oneplus 11
610,5.0 out of 5 stars,"5.0 out of 5 stars
This phone is excellent and this second one OnePlus 11 super delivery
",Oneplus 11
611,4.0 out of 5 stars,"4.0 out of 5 stars
The OnePlus 11 - A Marvel of Innovation!
",Oneplus 11
612,5.0 out of 5 stars,"5.0 out of 5 stars
Nice phone
",Oneplus 11
613,4.0 out of 5 stars,"4.0 out of 5 stars
Great Phone but Please fix BUGS Oneplus
",Oneplus 11
614,4.0 out of 5 stars,"4.0 out of 5 stars
Good buy
",Oneplus 11
615,3.0 out of 5 stars,"3.0 out of 5 stars
Issues with one plus 11
",Oneplus 11
616,5.0 out of 5 stars,"5.0 out of 5 stars
Truly amazing
",Oneplus 11
617,5.0 out of 5 stars,"5.0 out of 5 stars
Heating
",Oneplus 11
618,3.0 out of 5 stars,"3.0 out of 5 stars
A below average flagship
",Oneplus 11
619,3.0 out of 5 stars,"3.0 out of 5 stars
Don’t upgrade to this if you are already a oneplus user
",Oneplus 11
620,3.0 out of 5 stars,"3.0 out of 5 stars
Disappointed
",Oneplus 11
621,3.0 out of 5 stars,"3.0 out of 5 stars
Heating issue
",Oneplus 11
622,3.0 out of 5 stars,"3.0 out of 5 stars
Not satisfied as per the price
",Oneplus 11
623,5.0 out of 5 stars,"5.0 out of 5 stars
Cant complain
",Oneplus 11
624,4.0 out of 5 stars,"4.0 out of 5 stars
Runner up with iphone 14 but boss is always a boss
",Oneplus 11
625,3.0 out of 5 stars,"3.0 out of 5 stars
Not Value for money in terms of software experience.
",Oneplus 11
626,5.0 out of 5 stars,"5.0 out of 5 stars
Ultimate performance with Decent Camera.
",Oneplus 11
627,4.0 out of 5 stars,"4.0 out of 5 stars
Better value for money compared to Xiaomi, Samsung or Google flagships
",Oneplus 11
628,4.0 out of 5 stars,"4.0 out of 5 stars
Need offline music player
",Oneplus 11
629,4.0 out of 5 stars,"4.0 out of 5 stars
Excellent Product with Fantastic features!
",Oneplus 11
630,4.0 out of 5 stars,"4.0 out of 5 stars
Only chose it for the battery, charging and screen time.
",Oneplus 11
631,4.0 out of 5 stars,"4.0 out of 5 stars
GOOD PERFORMER ONLY HARDWARE NOT SOFTWARE
",Oneplus 11
632,4.0 out of 5 stars,"4.0 out of 5 stars
My 1st flagship / 3 months review
",Oneplus 11
633,5.0 out of 5 stars,"5.0 out of 5 stars
Loving this product! Value for money
",Oneplus 11
634,4.0 out of 5 stars,"4.0 out of 5 stars
Advise to buy from one plus store only not online
",Oneplus 11
635,5.0 out of 5 stars,"5.0 out of 5 stars
Green Line
",Oneplus 11
636,4.0 out of 5 stars,"4.0 out of 5 stars
Camera
",Oneplus 11
637,4.0 out of 5 stars,"4.0 out of 5 stars
Best value for money
",Oneplus 11
638,4.0 out of 5 stars,"4.0 out of 5 stars
Overall product is good
",Oneplus 11
639,4.0 out of 5 stars,"4.0 out of 5 stars
Great phone for the price
",Oneplus 11
640,5.0 out of 5 stars,"5.0 out of 5 stars
Best smartphone
",Oneplus 11
641,4.0 out of 5 stars,"4.0 out of 5 stars
Most valuable for money phone
",Oneplus 11
642,4.0 out of 5 stars,"4.0 out of 5 stars
Using from last one year
",Oneplus 11
643,5.0 out of 5 stars,"5.0 out of 5 stars
Top notch!
",Oneplus 11
644,4.0 out of 5 stars,"4.0 out of 5 stars
Nice phone but camera quality is not good
",Oneplus 11
645,5.0 out of 5 stars,"5.0 out of 5 stars
Superb�
",Oneplus 11
646,4.0 out of 5 stars,"4.0 out of 5 stars
Great performance, but some feedbacks
",Oneplus 11
647,4.0 out of 5 stars,"4.0 out of 5 stars
Fix the bugs One Plus!
",Oneplus 11
648,5.0 out of 5 stars,"5.0 out of 5 stars
The OnePlus 11 5G - A stunning Masterpiece
",Oneplus 11
649,4.0 out of 5 stars,"4.0 out of 5 stars
Great Phone with loads of bugs
",Oneplus 11
650,5.0 out of 5 stars,"5.0 out of 5 stars
Super battery
",Oneplus 11
651,4.0 out of 5 stars,"4.0 out of 5 stars
Fast charging and charge retention are superb
",Oneplus 11
652,4.0 out of 5 stars,"4.0 out of 5 stars
Big upgrade from OnePlus 7t
",Oneplus 11
653,4.0 out of 5 stars,"4.0 out of 5 stars
One of the best upgrade
",Oneplus 11
654,5.0 out of 5 stars,"5.0 out of 5 stars
Best phone in this segment
",Oneplus 11
655,3.0 out of 5 stars,"3.0 out of 5 stars
OnePlus has Definitely Settled now
",Oneplus 11
656,5.0 out of 5 stars,"5.0 out of 5 stars
Superfast!
",Oneplus 11
657,5.0 out of 5 stars,"5.0 out of 5 stars
Good phone
",Oneplus 11
658,5.0 out of 5 stars,"5.0 out of 5 stars
I know that onepluse is a phone that is in sequence of compared to iPhone like products
",Oneplus 11
659,4.0 out of 5 stars,"4.0 out of 5 stars
Good one
",Oneplus 11
660,4.0 out of 5 stars,"4.0 out of 5 stars
Overall good
",Oneplus 11
661,4.0 out of 5 stars,"4.0 out of 5 stars
FLAGSHIP KILLERRRR...??
",Oneplus 11
662,5.0 out of 5 stars,"5.0 out of 5 stars
Owsome mobile
",Oneplus 11
663,5.0 out of 5 stars,"5.0 out of 5 stars
Smooth and fabulous
",Oneplus 11
664,5.0 out of 5 stars,"5.0 out of 5 stars
Premium phone
",Oneplus 11
665,3.0 out of 5 stars,"3.0 out of 5 stars
Great Hardware with buggy software. Overall OK.
",Oneplus 11
666,5.0 out of 5 stars,"5.0 out of 5 stars
Highly slick
",Oneplus 11
667,5.0 out of 5 stars,"5.0 out of 5 stars
Overall a very good phone
",Oneplus 11
668,4.0 out of 5 stars,"4.0 out of 5 stars
Worthy and budget Android for the middle class
",Oneplus 11
669,5.0 out of 5 stars,"5.0 out of 5 stars
Best phone under 50k
",Oneplus 11
670,5.0 out of 5 stars,"5.0 out of 5 stars
OnePlus has come back
",Oneplus 11
671,5.0 out of 5 stars,"5.0 out of 5 stars
Best phone in 60k right now
",Oneplus 11
672,4.0 out of 5 stars,"4.0 out of 5 stars
Front camera is poor
",Oneplus 11
673,4.0 out of 5 stars,"4.0 out of 5 stars
Nice Upgrade
",Oneplus 11
674,4.0 out of 5 stars,"4.0 out of 5 stars
It's okay
",Oneplus 11
675,4.0 out of 5 stars,"4.0 out of 5 stars
A great compromise!
",Oneplus 11
676,4.0 out of 5 stars,"4.0 out of 5 stars
OnePlus comeback of sorts.
",Oneplus 11
677,4.0 out of 5 stars,"4.0 out of 5 stars
Defective piece received.
",Oneplus 11
678,5.0 out of 5 stars,"5.0 out of 5 stars
Value for money device. Real flagship killer
",Oneplus 11
679,4.0 out of 5 stars,"4.0 out of 5 stars
Good phone with little high price
",Oneplus 11
680,5.0 out of 5 stars,"5.0 out of 5 stars
Camera quality
",Oneplus 11
681,5.0 out of 5 stars,"5.0 out of 5 stars
Android over iPhone
",Oneplus 11
682,5.0 out of 5 stars,"5.0 out of 5 stars
Very Good
",Oneplus 11
683,2.0 out of 5 stars,"2.0 out of 5 stars
Extreamly Fragile phone: Wastage of Money
",Oneplus 11
684,4.0 out of 5 stars,"4.0 out of 5 stars
Phone is good no doubt but I found heating issues in my device
",Oneplus 11
685,4.0 out of 5 stars,"4.0 out of 5 stars
Look
",Oneplus 11
686,4.0 out of 5 stars,"4.0 out of 5 stars
Best phone lacks software support
",Oneplus 11
687,5.0 out of 5 stars,"5.0 out of 5 stars
Great Flagship at decent price
",Oneplus 11
688,4.0 out of 5 stars,"4.0 out of 5 stars
Good camera, display , camera notch should have been in the centre
",Oneplus 11
689,4.0 out of 5 stars,"4.0 out of 5 stars
Great phone
",Oneplus 11
690,4.0 out of 5 stars,"4.0 out of 5 stars
Good but could've been better
",Oneplus 11
691,5.0 out of 5 stars,"5.0 out of 5 stars
Excellent phone
",Oneplus 11
692,5.0 out of 5 stars,"5.0 out of 5 stars
Upgrade from 7pro ->> 11,not much diff feel
",Oneplus 11
693,4.0 out of 5 stars,"4.0 out of 5 stars
Good but something’s not right
",Oneplus 11
694,3.0 out of 5 stars,"3.0 out of 5 stars
Not a great phone
",Oneplus 11
695,4.0 out of 5 stars,"4.0 out of 5 stars
Nothing
",Oneplus 11
696,3.0 out of 5 stars,"3.0 out of 5 stars
Main board reliability
",Oneplus 11
697,4.0 out of 5 stars,"4.0 out of 5 stars
Simply Awesome
",Oneplus 11
698,4.0 out of 5 stars,"4.0 out of 5 stars
Excellent camera and premium experience
",Oneplus 11
699,4.0 out of 5 stars,"4.0 out of 5 stars
Overall It's a nice flagship mobile
",Oneplus 11
700,5.0 out of 5 stars,"5.0 out of 5 stars
The best bang for buck
",Oneplus 12
701,5.0 out of 5 stars,"5.0 out of 5 stars
Very good device according to price
",Oneplus 12
702,4.0 out of 5 stars,"4.0 out of 5 stars
Flagship Killer Once Again?
",Oneplus 12
703,5.0 out of 5 stars,"5.0 out of 5 stars
BEST WAY TO SPEND 65K. !
",Oneplus 12
704,5.0 out of 5 stars,"5.0 out of 5 stars
Best beast
",Oneplus 12
705,1.0 out of 5 stars,"1.0 out of 5 stars
Poor performance but Worst customer service by Amazon
",Oneplus 12
706,5.0 out of 5 stars,"5.0 out of 5 stars
Honest review after week usage
",Oneplus 12
707,5.0 out of 5 stars,"5.0 out of 5 stars
One plus 12 overall
",Oneplus 12
708,4.0 out of 5 stars,"4.0 out of 5 stars
Great but not best
",Oneplus 12
709,4.0 out of 5 stars,"4.0 out of 5 stars
Excellent
",Oneplus 12
710,5.0 out of 5 stars,"5.0 out of 5 stars
A bit heavy.
",Oneplus 12
711,4.0 out of 5 stars,"4.0 out of 5 stars
Happy
",Oneplus 12
712,4.0 out of 5 stars,"4.0 out of 5 stars
Camera is good
",Oneplus 12
713,3.0 out of 5 stars,"3.0 out of 5 stars
Subtle
",Oneplus 12
714,4.0 out of 5 stars,"4.0 out of 5 stars
Good phone
",Oneplus 12
715,5.0 out of 5 stars,"5.0 out of 5 stars
Performance
",Oneplus 12
716,5.0 out of 5 stars,"5.0 out of 5 stars
OnePlus 12 hilight
",Oneplus 12
717,5.0 out of 5 stars,"5.0 out of 5 stars
Good phone with some camera problem
",Oneplus 12
718,4.0 out of 5 stars,"4.0 out of 5 stars
A proper premium flagship experience
",Oneplus 12
719,5.0 out of 5 stars,"5.0 out of 5 stars
The all rounder phone without breaking the bank
",Oneplus 12
720,4.0 out of 5 stars,"4.0 out of 5 stars
Price worthy
",Oneplus 12
721,4.0 out of 5 stars,"4.0 out of 5 stars
Value for Money, Powerful processor, Powerful processor and battery
",Oneplus 12
722,5.0 out of 5 stars,"5.0 out of 5 stars
Never settle
",Oneplus 12
723,4.0 out of 5 stars,"4.0 out of 5 stars
Good but could be better but waiting for betterment.
",Oneplus 12
724,3.0 out of 5 stars,"3.0 out of 5 stars
Very Heavy and bulky flagship
",Oneplus 12
725,5.0 out of 5 stars,"5.0 out of 5 stars
Ditched my S22 Ultra For This phone
",Oneplus 12
726,5.0 out of 5 stars,"5.0 out of 5 stars
Best is the best one plus 12 .
",Oneplus 12
727,5.0 out of 5 stars,"5.0 out of 5 stars
Best phone for budget
",Oneplus 12
728,5.0 out of 5 stars,"5.0 out of 5 stars
Perfect clicks
",Oneplus 12
729,3.0 out of 5 stars,"3.0 out of 5 stars
WhatsApp stuck
",Oneplus 12
730,5.0 out of 5 stars,"5.0 out of 5 stars
Fabulous high level smartphone of OnePlus 12
",Oneplus 12
731,2.0 out of 5 stars,"2.0 out of 5 stars
One Plus 12
",Oneplus 12
732,5.0 out of 5 stars,"5.0 out of 5 stars
Excellent
",Oneplus 12
733,5.0 out of 5 stars,"5.0 out of 5 stars
For 65k its worth it ❤️‍�
",Oneplus 12
734,5.0 out of 5 stars,"5.0 out of 5 stars
Super
",Oneplus 12
735,5.0 out of 5 stars,"5.0 out of 5 stars
best in class
",Oneplus 12
736,5.0 out of 5 stars,"5.0 out of 5 stars
Excellent and Exceptional camera, Processor and ultra fast Charging is to next level..
",Oneplus 12
737,3.0 out of 5 stars,"3.0 out of 5 stars
Nice but not great
",Oneplus 12
738,5.0 out of 5 stars,"5.0 out of 5 stars
Killer flagship phone and a strong competitor to iphone 15 pro and S23 Ultra
",Oneplus 12
739,5.0 out of 5 stars,"5.0 out of 5 stars
One Plus 12 - A premium phone
",Oneplus 12
740,5.0 out of 5 stars,"5.0 out of 5 stars
One Plus 12
",Oneplus 12
741,5.0 out of 5 stars,"5.0 out of 5 stars
Very fast charging ,camera quality very good
",Oneplus 12
742,3.0 out of 5 stars,"3.0 out of 5 stars
Camera should be more updated
",Oneplus 12
743,5.0 out of 5 stars,"5.0 out of 5 stars
Oneplus is back on track
",Oneplus 12
744,5.0 out of 5 stars,"5.0 out of 5 stars
As expected, Speed, clarity, quality ... all are good.
",Oneplus 12
745,5.0 out of 5 stars,"5.0 out of 5 stars
Fantastic
",Oneplus 12
746,3.0 out of 5 stars,"3.0 out of 5 stars
Not very good mobile
",Oneplus 12
747,3.0 out of 5 stars,"3.0 out of 5 stars
Not flagship
",Oneplus 12
748,5.0 out of 5 stars,"5.0 out of 5 stars
Mind blowing purchase.
",Oneplus 12
749,3.0 out of 5 stars,"3.0 out of 5 stars
Fast phone with decent camera.
",Oneplus 12
750,4.0 out of 5 stars,"4.0 out of 5 stars
Fluent
",Oneplus 12
751,5.0 out of 5 stars,"5.0 out of 5 stars
Happy
",Oneplus 12
752,5.0 out of 5 stars,"5.0 out of 5 stars
Value for money
",Oneplus 12
753,5.0 out of 5 stars,"5.0 out of 5 stars
Awesome. OnePlus
",Oneplus 12
754,5.0 out of 5 stars,"5.0 out of 5 stars
Best phone
",Oneplus 12
755,5.0 out of 5 stars,"5.0 out of 5 stars
Midhun 13
",Oneplus 12
756,5.0 out of 5 stars,"5.0 out of 5 stars
Worth every penny
",Oneplus 12
757,5.0 out of 5 stars,"5.0 out of 5 stars
Excellent performance
",Oneplus 12
758,5.0 out of 5 stars,"5.0 out of 5 stars
Butter Smooth
",Oneplus 12
759,5.0 out of 5 stars,"5.0 out of 5 stars
Very good
",Oneplus 12
760,5.0 out of 5 stars,"5.0 out of 5 stars
Best smartphone!!
",Oneplus 12
761,5.0 out of 5 stars,"5.0 out of 5 stars
Dhaansu Phone
",Oneplus 12
762,5.0 out of 5 stars,"5.0 out of 5 stars
Great Mobile
",Oneplus 12
763,5.0 out of 5 stars,"5.0 out of 5 stars
Highly recommended
",Oneplus 12
764,5.0 out of 5 stars,"5.0 out of 5 stars
Camera
",Oneplus 12
765,5.0 out of 5 stars,"5.0 out of 5 stars
Topnotch
",Oneplus 12
766,5.0 out of 5 stars,"5.0 out of 5 stars
100x
",Oneplus 12
767,5.0 out of 5 stars,"5.0 out of 5 stars
Super
",Oneplus 12
768,5.0 out of 5 stars,"5.0 out of 5 stars
Excellent Device!
",Oneplus 12
769,3.0 out of 5 stars,"3.0 out of 5 stars
heating
",Oneplus 12
770,1.0 out of 5 stars,"1.0 out of 5 stars
Disappointed again with OnePlus
",Oneplus 12
771,1.0 out of 5 stars,"1.0 out of 5 stars
Pathetic Phones By 1+ Made After 2019
",Oneplus 12
772,1.0 out of 5 stars,"1.0 out of 5 stars
Flickering of the screen and blackout
",Oneplus 12
773,2.0 out of 5 stars,"2.0 out of 5 stars
Display
",Oneplus 12
774,1.0 out of 5 stars,"1.0 out of 5 stars
Camera quality is not good.
",Oneplus 12
775,1.0 out of 5 stars,"1.0 out of 5 stars
Red dot on screen
",Oneplus 12
776,1.0 out of 5 stars,"1.0 out of 5 stars
Avoid OnePlus
",Oneplus 12
777,1.0 out of 5 stars,"1.0 out of 5 stars
Battery backup is not good.
",Oneplus 12
778,1.0 out of 5 stars,"1.0 out of 5 stars
Check this before buying
",Oneplus 12
779,5.0 out of 5 stars,"5.0 out of 5 stars
Excellent Phone
",Oneplus 12
780,1.0 out of 5 stars,"1.0 out of 5 stars
Beware! Audio issues!
",Oneplus 12
781,1.0 out of 5 stars,"1.0 out of 5 stars
The phone lags and is slow being a so called flagship
",Oneplus 12
782,1.0 out of 5 stars,"1.0 out of 5 stars
Not ip 68 rating
",Oneplus 12
783,5.0 out of 5 stars,"5.0 out of 5 stars
NAGARAJU
",Oneplus 12
784,1.0 out of 5 stars,"1.0 out of 5 stars
Just Too big, buggy software and ridiculous design.
",Oneplus 12
785,5.0 out of 5 stars,"5.0 out of 5 stars
Best Premium Phone
",Oneplus 12
786,5.0 out of 5 stars,"5.0 out of 5 stars
Amazing phone. Worth it
",Oneplus 12
787,5.0 out of 5 stars,"5.0 out of 5 stars
Best flagship phone
",Oneplus 12
788,5.0 out of 5 stars,"5.0 out of 5 stars
Superb device for OnePlus lovers and 1st time buyers...Nits
",Oneplus 12
789,5.0 out of 5 stars,"5.0 out of 5 stars
Amazing phone
",Oneplus 12
790,5.0 out of 5 stars,"5.0 out of 5 stars
Best Experience Oriented phone with okish camera
",Oneplus 12
791,5.0 out of 5 stars,"5.0 out of 5 stars
Wow One plus Mobile
",Oneplus 12
792,1.0 out of 5 stars,"1.0 out of 5 stars
Very bad
",Oneplus 12
793,5.0 out of 5 stars,"5.0 out of 5 stars
Performance
",Oneplus 12
794,1.0 out of 5 stars,"1.0 out of 5 stars
Never go for oneplus
",Oneplus 12
795,5.0 out of 5 stars,"5.0 out of 5 stars
Impressive Upgrade: OnePlus 12 Sets the Bar High
",Oneplus 12
796,1.0 out of 5 stars,"1.0 out of 5 stars
Bad wireless charging
",Oneplus 12
797,1.0 out of 5 stars,"1.0 out of 5 stars
OnePlus 12
",Oneplus 12
798,1.0 out of 5 stars,"1.0 out of 5 stars
Too high
",Oneplus 12
799,5.0 out of 5 stars,"5.0 out of 5 stars
Worthy purchase.
",Oneplus 12
800,5.0 out of 5 stars,"5.0 out of 5 stars
Simply superb Mobile buy it without
",Oneplus 12R
801,5.0 out of 5 stars,"5.0 out of 5 stars
Perfect product and service
",Oneplus 12R
802,4.0 out of 5 stars,"4.0 out of 5 stars
A Mixed Bag
",Oneplus 12R
803,5.0 out of 5 stars,"5.0 out of 5 stars
Good phone and Nice Camera
",Oneplus 12R
804,5.0 out of 5 stars,"5.0 out of 5 stars
A flagship performer without the flagship price.
",Oneplus 12R
805,5.0 out of 5 stars,"5.0 out of 5 stars
Good performance mobile - in decent price .
",Oneplus 12R
806,4.0 out of 5 stars,"4.0 out of 5 stars
Except the Camera, a flagship in all regards
",Oneplus 12R
807,3.0 out of 5 stars,"3.0 out of 5 stars
Good phone with very poor front camera
",Oneplus 12R
808,4.0 out of 5 stars,"4.0 out of 5 stars
A Complete Beast Phone
",Oneplus 12R
809,4.0 out of 5 stars,"4.0 out of 5 stars
First impression
",Oneplus 12R
810,4.0 out of 5 stars,"4.0 out of 5 stars
Best Performance
",Oneplus 12R
811,4.0 out of 5 stars,"4.0 out of 5 stars
Need to make improvement in the software
",Oneplus 12R
812,4.0 out of 5 stars,"4.0 out of 5 stars
Best in performance, But not so good Camera
",Oneplus 12R
813,4.0 out of 5 stars,"4.0 out of 5 stars
Quality and performance
",Oneplus 12R
814,4.0 out of 5 stars,"4.0 out of 5 stars
Battery backup and charging time are too good.
",Oneplus 12R
815,4.0 out of 5 stars,"4.0 out of 5 stars
Good but a bit heavy
",Oneplus 12R
816,4.0 out of 5 stars,"4.0 out of 5 stars
Great by one plus
",Oneplus 12R
817,4.0 out of 5 stars,"4.0 out of 5 stars
1 month into using the product.
",Oneplus 12R
818,4.0 out of 5 stars,"4.0 out of 5 stars
Battery drains more faster than 7yrs old phone
",Oneplus 12R
819,4.0 out of 5 stars,"4.0 out of 5 stars
OnePlus 12R
",Oneplus 12R
820,4.0 out of 5 stars,"4.0 out of 5 stars
The All Rounder Phone
",Oneplus 12R
821,4.0 out of 5 stars,"4.0 out of 5 stars
Overall perspective
",Oneplus 12R
822,5.0 out of 5 stars,"5.0 out of 5 stars
Amazing phone with top loaded specs
",Oneplus 12R
823,4.0 out of 5 stars,"4.0 out of 5 stars
Best camera quality and Batery backup
",Oneplus 12R
824,4.0 out of 5 stars,"4.0 out of 5 stars
Good mobile
",Oneplus 12R
825,4.0 out of 5 stars,"4.0 out of 5 stars
Good mobile
",Oneplus 12R
826,4.0 out of 5 stars,"4.0 out of 5 stars
Performance & Clean UI
",Oneplus 12R
827,4.0 out of 5 stars,"4.0 out of 5 stars
Best performance
",Oneplus 12R
828,5.0 out of 5 stars,"5.0 out of 5 stars
So far very good.
",Oneplus 12R
829,5.0 out of 5 stars,"5.0 out of 5 stars
Beautiful, Fastest, Strong
",Oneplus 12R
830,5.0 out of 5 stars,"5.0 out of 5 stars
Very good product!!
",Oneplus 12R
831,5.0 out of 5 stars,"5.0 out of 5 stars
Nice Product worth purchasing
",Oneplus 12R
832,4.0 out of 5 stars,"4.0 out of 5 stars
Go for it...
",Oneplus 12R
833,4.0 out of 5 stars,"4.0 out of 5 stars
Brilliant
",Oneplus 12R
834,4.0 out of 5 stars,"4.0 out of 5 stars
Good smart phone
",Oneplus 12R
835,5.0 out of 5 stars,"5.0 out of 5 stars
Good phone
",Oneplus 12R
836,4.0 out of 5 stars,"4.0 out of 5 stars
Beautiful
",Oneplus 12R
837,5.0 out of 5 stars,"5.0 out of 5 stars
Looks amazing
",Oneplus 12R
838,4.0 out of 5 stars,"4.0 out of 5 stars
Good phone
",Oneplus 12R
839,5.0 out of 5 stars,"5.0 out of 5 stars
One of the best smartphone
",Oneplus 12R
840,5.0 out of 5 stars,"5.0 out of 5 stars
Amazing phone, camera could be better
",Oneplus 12R
841,4.0 out of 5 stars,"4.0 out of 5 stars
Phone with many top features
",Oneplus 12R
842,4.0 out of 5 stars,"4.0 out of 5 stars
Best mid budget phone
",Oneplus 12R
843,4.0 out of 5 stars,"4.0 out of 5 stars
All good except OS
",Oneplus 12R
844,5.0 out of 5 stars,"5.0 out of 5 stars
Best phone at its price
",Oneplus 12R
845,4.0 out of 5 stars,"4.0 out of 5 stars
Good but...
",Oneplus 12R
846,5.0 out of 5 stars,"5.0 out of 5 stars
All round package.
",Oneplus 12R
847,4.0 out of 5 stars,"4.0 out of 5 stars
One Plus 12r review
",Oneplus 12R
848,5.0 out of 5 stars,"5.0 out of 5 stars
Fabulous
",Oneplus 12R
849,4.0 out of 5 stars,"4.0 out of 5 stars
Bgmi90 fps sahi se nhi chla pata hai
",Oneplus 12R
850,5.0 out of 5 stars,"5.0 out of 5 stars
Good mobile phone.
",Oneplus 12R
851,5.0 out of 5 stars,"5.0 out of 5 stars
About the phone
",Oneplus 12R
852,5.0 out of 5 stars,"5.0 out of 5 stars
Amazing
",Oneplus 12R
853,5.0 out of 5 stars,"5.0 out of 5 stars
Mobile
",Oneplus 12R
854,4.0 out of 5 stars,"4.0 out of 5 stars
Overall performance
",Oneplus 12R
855,4.0 out of 5 stars,"4.0 out of 5 stars
Camera quality is not as expected
",Oneplus 12R
856,4.0 out of 5 stars,"4.0 out of 5 stars
Excellent �
",Oneplus 12R
857,5.0 out of 5 stars,"5.0 out of 5 stars
If you think this is not one of the best , think again.
",Oneplus 12R
858,5.0 out of 5 stars,"5.0 out of 5 stars
Cool
",Oneplus 12R
859,5.0 out of 5 stars,"5.0 out of 5 stars
Most practical device.
",Oneplus 12R
860,4.0 out of 5 stars,"4.0 out of 5 stars
Just good enough
",Oneplus 12R
861,4.0 out of 5 stars,"4.0 out of 5 stars
Performance of phone is awesome..but camera is little dissatisfied
",Oneplus 12R
862,4.0 out of 5 stars,"4.0 out of 5 stars
Good One
",Oneplus 12R
863,4.0 out of 5 stars,"4.0 out of 5 stars
Overall a good package under 40k
",Oneplus 12R
864,5.0 out of 5 stars,"5.0 out of 5 stars
OnePlus 12R is really good phone
",Oneplus 12R
865,4.0 out of 5 stars,"4.0 out of 5 stars
Value For Money
",Oneplus 12R
866,4.0 out of 5 stars,"4.0 out of 5 stars
Overpriced. Nothing great
",Oneplus 12R
867,5.0 out of 5 stars,"5.0 out of 5 stars
Value for money with flagship specs
",Oneplus 12R
868,5.0 out of 5 stars,"5.0 out of 5 stars
Great phone
",Oneplus 12R
869,5.0 out of 5 stars,"5.0 out of 5 stars
Nice phone
",Oneplus 12R
870,5.0 out of 5 stars,"5.0 out of 5 stars
One plus 12r review
",Oneplus 12R
871,5.0 out of 5 stars,"5.0 out of 5 stars
Awesome
",Oneplus 12R
872,3.0 out of 5 stars,"3.0 out of 5 stars
Heated while Charging
",Oneplus 12R
873,4.0 out of 5 stars,"4.0 out of 5 stars
Mobile ok but delivery very very bad
",Oneplus 12R
874,5.0 out of 5 stars,"5.0 out of 5 stars
Awesome purchase
",Oneplus 12R
875,5.0 out of 5 stars,"5.0 out of 5 stars
Awesome
",Oneplus 12R
876,5.0 out of 5 stars,"5.0 out of 5 stars
Must For Corporate Guys
",Oneplus 12R
877,4.0 out of 5 stars,"4.0 out of 5 stars
High performance phone
",Oneplus 12R
878,4.0 out of 5 stars,"4.0 out of 5 stars
Good
",Oneplus 12R
879,4.0 out of 5 stars,"4.0 out of 5 stars
Camera need improvement otherwise good purchase performance wise
",Oneplus 12R
880,5.0 out of 5 stars,"5.0 out of 5 stars
Awesome phone..
",Oneplus 12R
881,5.0 out of 5 stars,"5.0 out of 5 stars
OnePlus
",Oneplus 12R
882,5.0 out of 5 stars,"5.0 out of 5 stars
Great performance, just go for it.
",Oneplus 12R
883,5.0 out of 5 stars,"5.0 out of 5 stars
Great Product
",Oneplus 12R
884,4.0 out of 5 stars,"4.0 out of 5 stars
A Flagship Killer - A Good phone from Oneplus After 8 Series
",Oneplus 12R
885,4.0 out of 5 stars,"4.0 out of 5 stars
Mobile is very good but heating during charging.
",Oneplus 12R
886,5.0 out of 5 stars,"5.0 out of 5 stars
Camera quality is better than the other brand's
",Oneplus 12R
887,5.0 out of 5 stars,"5.0 out of 5 stars
Review after 2 months
",Oneplus 12R
888,4.0 out of 5 stars,"4.0 out of 5 stars
OnePlus 12r blue colour,256 gb
",Oneplus 12R
889,3.0 out of 5 stars,"3.0 out of 5 stars
Exchange price
",Oneplus 12R
890,4.0 out of 5 stars,"4.0 out of 5 stars
Flagship of price range
",Oneplus 12R
891,5.0 out of 5 stars,"5.0 out of 5 stars
Nice phone
",Oneplus 12R
892,4.0 out of 5 stars,"4.0 out of 5 stars
Perfect killer ..except .............
",Oneplus 12R
893,5.0 out of 5 stars,"5.0 out of 5 stars
Worth buying
",Oneplus 12R
894,4.0 out of 5 stars,"4.0 out of 5 stars
It's Allrounder phone
",Oneplus 12R
895,5.0 out of 5 stars,"5.0 out of 5 stars
Best .
",Oneplus 12R
896,5.0 out of 5 stars,"5.0 out of 5 stars
Best gift ever....
",Oneplus 12R
897,5.0 out of 5 stars,"5.0 out of 5 stars
Absolute Banger for the price.
",Oneplus 12R
898,5.0 out of 5 stars,"5.0 out of 5 stars
Nice phone
",Oneplus 12R
899,5.0 out of 5 stars,"5.0 out of 5 stars
Nice
",Oneplus 12R
